id,english,pos,note,old_turkish,new_turkish,old_example,new_example,new_example_tr
1,Gate,noun,Example too long for A2 and 'Gate' meaning is usually Kapı in this context.,Geçit,Kapı,The gate in front of the railroad crossing went up after the train had passed.,He opened the garden gate.,Bahçe kapısını açtı.
2,Earthquake,noun,Example too long for A2 (max 11 words).,Deprem,Deprem,"The earthquake shook the entire city, but fortunately no one was injured.",The strong earthquake scared everyone.,Şiddetli deprem herkesi korkuttu.
24,Imagination,noun,Original example used complex vocabulary for A2.,Hayal Gücü,Hayal Gücü,Imagination is one of the most advanced human faculties.,Reading books is good for your imagination.,Kitap okumak hayal gücünüz için iyidir.
35,Fascinating,adjective,Original example used the verb 'fascinated' instead of the adjective 'fascinating'.,Büyüleyici,Büyüleyici,The flickering TV fascinated the cat.,The book has a fascinating story.,Kitabın büyüleyici bir hikayesi var.
41,Desert,noun,Original example was too long for A2.,Çöl,Çöl,"It is very hot during the day in the desert, but cold at night.",It is very hot in the desert.,Çölde hava çok sıcaktır.
89,Surprised,adjective,"Original example was too long, complex, and used the verb 'surprises' instead of the adjective.",Şaşırmış,Şaşırmış,It surprises me that I owe twice as much as I thought I did.,I was very surprised to see him there.,Onu orada gördüğüme çok şaşırdım.
97,Anywhere,adverb,Original example was too long for A2 (12 words).,Herhangi Bir Yer,Herhangi Bir Yer,I don't know where I left my keys. They could be anywhere.,We can go anywhere today.,Bugün herhangi bir yere gidebiliriz.
99,Public,noun,Original example was too formal for A2 level.,Halk,Halk,Members of the public may not proceed beyond this point.,The park is open to the public.,Park halka açıktır.
104,Company,noun,Removed the real place name (San Francisco) as per instructions.,Şirket,Şirket,She works for a software company in San Francisco.,She works for a large software company.,Büyük bir yazılım şirketinde çalışıyor.
105,Advertising,noun,Original example used the verb 'advertise' instead of the noun 'advertising'.,Reklam,Reklam,"For personal needs, advertise on the internet or in a local newspaper.",Advertising is very important for business.,Reklam iş için çok önemlidir.
109,Uniform,adjective,The most common meaning at A2 level is the noun 'Üniforma'.,Tek tip,Üniforma,The boxes must be a uniform size.,Students must wear a school uniform.,Öğrenciler okul üniforması giymelidir.
112,Teenage,adjective,Removed the real name (Fred). Changed Turkish translation to 'Ergen' which is more common.,Genç,Ergen,Fred's teenage years were the most difficult of times.,My teenage son sleeps a lot.,Ergen oğlum çok uyuyor.
162,Ourselves,pronoun,Dictionary form of the pronoun should be used.,Kendimizi,Kendimiz,We should keep this for ourselves.,We should keep this for ourselves.,Bunu kendimize saklamalıyız.
165,During,preposition,Sentence simplified to fit A2 level requirements.,Sırasında,Sırasında,I lived with my parents during the 1970s.,I fell asleep during the movie.,Film sırasında uyuyakaldım.
199,Expert,noun,Sentence was too long (14 words) for A2 level limit.,Uzman,Uzman,"We called in several experts on the subject, but they couldn't reach an agreement.",He is a computer expert.,O bir bilgisayar uzmanı.
202,Bother,verb,"Original example used the word as a noun, but the target part of speech is verb.",Rahatsız Etmek,Rahatsız Etmek,There was a bit of bother at the hairdresser's when they couldn't find my appointment in the book.,Please don't bother me right now.,Lütfen şu an beni rahatsız etme.
203,Decide,verb,Original sentence used a different meaning ('determine') instead of the target meaning ('make a choice').,Karar Vermek,Karar Vermek,Her last-minute goal decided the game.,We must decide now.,Şimdi karar vermeliyiz.
207,Road,noun,Simplified idiomatic usage ('by road') for A2 learners.,Yol,Yol,We travelled to the seaside by road.,This road is very long.,Bu yol çok uzun.
209,Patient,noun,Original sentence used a linguistic sense instead of the common A2 medical meaning.,Hasta,Hasta,The subject of a passive verb is usually a patient.,The doctor will see the patient now.,Doktor hastayı şimdi görecek.
253,Lost,adjective,"Original example used the word as a past tense verb, but the target part of speech is adjective.",Kayıp,Kayıp,He lost his hearing in the explosion.,I am looking for my lost dog.,Kayıp köpeğimi arıyorum.
254,International,adjective,"Original example used the word as a noun, but the target part of speech is adjective.",Uluslararası,Uluslararası,The United team includes five England internationals.,English is an international language.,İngilizce uluslararası bir dildir.
258,Violent,adjective,Simplified vocabulary for A2 level requirements.,Şiddetli,Şiddetli,A violent wind ripped the branch from the tree.,A violent storm is coming.,Şiddetli bir fırtına geliyor.
259,Shock,noun,Simplified vocabulary for A2 level requirements.,Şok,Şok,The train hit the buffers with a great shock.,The news was a big shock for me.,Haber benim için büyük bir şoktu.
299,Text,noun,Example was a sentence fragment.,Metin,Metin,German text.,I will read the German text.,Almanca metni okuyacağım.
311,Forward,adverb,Example used 'forward' as a verb instead of an adverb.,İleri,İleri,I'll be glad to forward your mail to you while you're gone.,He stepped forward to speak.,Konuşmak için ileri adım attı.
315,Appreciate,verb,Changed Turkish to the more common dictionary form.,Takdirle Karşılamak,Takdir etmek,I appreciate your efforts.,I appreciate your efforts.,Çabalarınızı takdir ediyorum.
341,Against,preposition,Changed Turkish to 'Karşı' to match the most common meaning and the example.,Aykırı,Karşı,It is hard work to swim against the current.,It is hard work to swim against the current.,Akıntıya karşı yüzmek zor iş.
346,Appear,verb,Changed Turkish to the common meaning 'Görünmek' and rewrote example.,Belli Olmak,Görünmek,A great writer appeared at that time.,A man appeared at the window.,Pencerede bir adam göründü.
353,Within,preposition,Example was a fragment.,İçinde,İçinde,the within appeal.,You must finish the test within an hour.,Testi bir saat içinde bitirmelisiniz.
354,Themselves,pronoun,Removed real place (Mount Everest) from example.,Kendileri,Kendileri,They are going to try climbing Mount Everest themselves.,They will paint the house themselves.,Evi kendileri boyayacaklar.
403,Perform,verb,Changed Turkish meaning to fit common sense and rewrote example.,Rol Yapmak,Gerçekleştirmek,It took him only twenty minutes to perform the task.,They perform this task every day.,Bu görevi her gün gerçekleştirirler.
412,Simply,adverb,Changed Turkish to 'Sadece' to match the common meaning in the example.,Basitçe,Sadece,I was simply asking a question.,I was simply asking a question.,Sadece bir soru soruyordum.
419,Alive,adjective,Changed Turkish to 'Hayatta' to better match the context.,Canlı,Hayatta,"As long as the plant is alive, he will continue to water it.","As long as the plant is alive, he will continue to water it.",Bitki hayatta olduğu sürece onu sulamaya devam edecektir.
447,Understand,verb,"Target word used twice, unnatural sentence.",Anlamak,Anlamak,I want to understand the concept of understand.,I do not understand this math question.,Bu matematik sorusunu anlamıyorum.
452,Artificial,adjective,Vocabulary too advanced for A2 (tacky).,Yapay,Yapay,"The flowers were artificial, and he thought them rather tacky.",These beautiful flowers are actually artificial.,Bu güzel çiçekler aslında yapay.
455,Fault,noun,Turkish meaning 'Arıza' doesn't match example 'hata'; rewrote for simplicity and correct meaning.,Arıza,Hata,"No! This is my fault, not yours.",The car accident was his fault.,Araba kazası onun hatasıydı.
460,Audience,noun,Turkish meaning should be 'Seyirci'. Example was a bit advanced for A2.,Kitle,Seyirci,We joined the audience just as the lights went down.,The audience clapped at the end of the movie.,Seyirci filmin sonunda alkışladı.
461,Oppose,verb,Verb in Turkish must end in -mek/-mak (Karşı çıkmak).,Karşı Çık,Karşı çıkmak,There is still time to oppose this plan.,There is still time to oppose this plan.,Bu plana karşı çıkmak için hâlâ zaman var.
468,Attractive,adjective,Example translation used 'cazip' instead of 'çekici'; rewrote example to use 'çekici'.,Çekici,Çekici,That's a very attractive offer.,She is a very attractive woman.,O çok çekici bir kadın.
488,Earn,verb,Example sentence was unnatural and incorrect grammatically.,Para Kazanmak,Para kazanmak,He is trying to learn more about earn.,She wants to earn more money.,O daha fazla para kazanmak istiyor.
495,Instead,adverb,Fixed capitalization in Turkish translation.,Bunun Yerine,Bunun yerine,"I did not buy tea, I bought coffee instead.","I did not buy tea, I bought coffee instead.","Çay almadım, bunun yerine kahve aldım."
498,Appearance,noun,Fixed capitalization in Turkish translation.,Dış Görünüş,Dış görünüş,You must not judge people by their appearance.,You must not judge people by their appearance.,İnsanları dış görünüşlerine göre yargılamamalısın.
501,Prefer,verb,Fixed capitalization in Turkish meaning.,Tercih Etmek,Tercih etmek,I prefer to drink tea in the morning.,I prefer to drink tea in the morning.,Sabahları çay içmeyi tercih ederim.
502,Widely,adverb,Fixed capitalization in Turkish meaning.,Yaygın Olarak,Yaygın olarak,People widely use this app today.,People widely use this app today.,İnsanlar günümüzde bu uygulamayı yaygın olarak kullanır.
505,Column,noun,"Meaning mismatch (kolon vs sütun), and example was way too long for A2.",Kolon,Sütun,"It was too hard to read the text across the whole page, so I split it into two columns.",Write your name in the first column.,Adınızı ilk sütuna yazın.
509,Elephant,noun,"Target word used multiple times, sentence too long for A2.",Fil,Fil,"Let's play hide and seek. I'll count. One elephant, two elephant, three elephant...",I saw a big elephant at the zoo.,Hayvanat bahçesinde büyük bir fil gördüm.
524,Shoot,verb,Fixed capitalization in Turkish meaning.,Ateş Etmek,Ateş etmek,The police officer did not shoot him.,The police officer did not shoot him.,Polis memuru ona ateş etmedi.
525,Represent,verb,Fixed capitalization in Turkish meaning.,Temsil Etmek,Temsil etmek,He will represent our school in the game.,He will represent our school in the game.,Maçta okulumuzu o temsil edecek.
526,Reveal,verb,Fixed capitalization in Turkish meaning.,Ortaya Çıkarmak,Ortaya çıkarmak,They will reveal the truth tomorrow.,They will reveal the truth tomorrow.,Yarın gerçeği ortaya çıkaracaklar.
556,State,noun,"The original example used 'state' as a verb ('He stated'), but the required POS is noun.",Durum,Durum,He stated that he was willing to help.,The country is in a bad state.,Ülke kötü bir durumda.
566,Fall,verb,The original example used 'fall' as a noun and was a sentence fragment.,Düşmek,Düşmek,the fall of Rome.,He will fall if he is not careful.,Dikkatli olmazsa düşecek.
603,Romantic,adjective,"The original example used 'romantic' as a noun, but the required POS is adjective.",Romantik,Romantik,"Oh, flowers! You're such a romantic.",We had a romantic dinner last night.,Dün gece romantik bir akşam yemeği yedik.
604,Empty,adjective,"The original example used 'empty' as a noun ('empties'), but the required POS is adjective.",Boş,Boş,Put the empties out to be recycled.,The box is empty.,Kutu boş.
616,Fancy,adjective,"The original example used 'fancy' as a noun, but the required POS is adjective.",Süslü,Süslü,I had a fancy to learn to play the flute.,She wore a fancy dress to the party.,Partiye süslü bir elbise giydi.
668,Hit,verb,"The original example used 'hit' as a noun, but the required POS is verb.",Vurmak,Vurmak,The hit was very slight.,He hit the ball very hard.,Topa çok sert vurdu.
669,Power,noun,The original example was not a complete sentence.,Güç,Güç,the mechanical powers.,The king had a lot of power.,Kralın çok gücü vardı.
719,Basically,adverb,The original sentence was borderline too complex for A2 and contained B1/B2 vocabulary (fancy features).,Temel Olarak,Temel Olarak,"They've added some fancy features, but it's basically still a car.",He is basically a good person.,O temel olarak iyi bir insandır.
720,Couple,noun,The example used the word as a verb instead of a noun.,Çift,Çift,I've coupled our system to theirs.,We saw a young couple in the park.,Parkta genç bir çift gördük.
721,Dead,adjective,The example used the word as a noun (the dead) instead of an adjective.,Ölü,Ölü,Have respect for the dead.,I found a dead bird in the garden.,Bahçede ölü bir kuş buldum.
722,Stuff,noun,"The example was too long (28 words), contained multiple sentences, and advanced vocabulary. Updated translation to 'Eşya' which fits 'stuff' better than 'Şey'.",Şey,Eşya,What is all that stuff on your bedroom floor?  He didn't want his pockets to bulge so he was walking around with all his stuff in his hands.,Please put your stuff in the box.,Lütfen eşyalarınızı kutuya koyun.
759,Loudly,adverb,The example exceeded the A2 word limit (14 words).,Yüksek Sesle,Yüksek Sesle,He spoke loudly so that his brother could hear him from across the street.,Please do not speak so loudly.,Lütfen bu kadar yüksek sesle konuşmayın.
765,Training,noun,The example used the word as a verb instead of a noun.,Eğitim,Eğitim,She trained seven hours a day to prepare for the Olympics.,This job requires a lot of training.,Bu iş çok fazla eğitim gerektiriyor.
766,East,adjective,"The example was a fragment, not a complete sentence.",Doğu,Doğu,the east front of a cathedral.,They live on the east coast.,Onlar doğu kıyısında yaşıyorlar.
820,Cash,noun,The example exceeded the A2 word limit and used advanced vocabulary. Updated translation from 'Peşin' to 'Nakit' as it is the more common translation for the noun form.,Peşin,Nakit,"After you bounced those checks last time, they want to be paid in cash.",Do you have any cash with you?,Yanında hiç nakit var mı?
853,Survive,verb,Only first letter should be capitalized.,Hayatta Kalmak,Hayatta kalmak,The plants need water to survive.,The plants need water to survive.,Bitkilerin hayatta kalmak için suya ihtiyacı var.
861,Dust,noun,Example was a fragment.,Toz,Toz,"to raise, or kick up, a dust.",There is a lot of dust in this old room.,Bu eski odada çok fazla toz var.
866,Film,noun,Example was a fragment and used an uncommon meaning for A2 level.,Film,Film,a clear plastic film for wrapping food.,We watched a great film last night.,Dün gece harika bir film izledik.
875,Voice,noun,Example and translation were a bit unnatural.,Ses,Ses,She has a very beautiful singing voice.,She has a very beautiful voice.,Çok güzel bir sesi var.
896,Heavily,adverb,Changed example to match the given Turkish translation naturally.,Ağır Bir Şekilde,Ağır bir şekilde,It will rain heavily tomorrow night.,He fell heavily on the floor.,Yere ağır bir şekilde düştü.
909,Publish,verb,Dictionary form for verb; example was too long and complex for A2.,Yayınla,Yayımlamak,Most of the sketches Faulkner published in 1925 appeared in the Sunday magazine section of the New Orleans Times-Picayune.,They will publish his new book next month.,Gelecek ay onun yeni kitabını yayımlayacaklar.
920,Mean,adjective,Mismatched part of speech and meaning in original card; corrected to most common verb sense.,Anlam,Anlamına gelmek,Does she really mean what she said to him last night?,What does this word mean?,Bu kelime ne anlama geliyor?
950,Cooking,noun,Changed to noun form in Turkish.,Yemek Pişirmek,Yemek pişirme,My father enjoys cooking at the weekend.,My father enjoys cooking at the weekend.,Babam hafta sonu yemek pişirmekten hoşlanır.
958,Rather,adverb,Most common A2 meaning for 'rather' is 'quite' (Oldukça). Changed meaning and example.,Yerine,Oldukça,I'd like this one rather than the other one.,The exam was rather difficult.,Sınav oldukça zordu.
961,Metal,noun,Wrong meaning (Maden means mine/ore). Example uses advanced slang. Fixed both.,Maden,Metal,"We have American Airlines tickets, but it's on British Airways metal.",The box is made of metal.,Kutu metalden yapılmıştır.
963,Ever,adverb,'Ever' at A2 usually means 'Hiç'. Example was archaic and not A2 level.,Durmadan,Hiç,It was ever thus.,Have you ever been to Paris?,Hiç Paris'e gittin mi?
967,Official,adjective,"Example used the word as a noun, but POS is adjective. Changed example to fit POS and A2 level.",Resmi,Resmi,David Barnes was the official charged with the running of the sports club.,This is an official document.,Bu resmi bir belgedir.
970,Perfect,adjective,Example was a fragment. Changed to a complete sentence.,Mükemmel,Mükemmel,a perfect circle.,The weather is perfect today.,Bugün hava mükemmel.
981,Customer,noun,Example vocabulary ('potential') is too advanced for A2. Simplified sentence.,Müşteri,Müşteri,Every person who passes by is a potential customer.,He is our best customer.,O bizim en iyi müşterimiz.
1014,Impact,noun,'Darbe' (physical impact) and 'hatchet' are not typical A2 vocabulary. Changed to the more common meaning 'Etki' (effect) with a simpler example.,Darbe,Etki,The hatchet cut the wood on impact.,The movie had a big impact on me.,Filmin benim üzerimde büyük bir etkisi oldu.
1016,Step,noun,"Example was clunky with a weird translation. Changed to a natural, simple sentence.",Adım,Adım,"He improved step by step, or by steps.",She took a step towards the door.,Kapıya doğru bir adım attı.
1017,Attention,noun,Example ('direct your attention') was too formal for A2. Simplified it.,Dikkat,Dikkat,Please direct your attention to the following words.,You must pay attention in class.,Derste dikkat etmelisin.
1030,Journey,noun,Example was a fragment and used B2+ vocabulary ('grief'). Rewrote to A2 level.,Seyahat,Yolculuk,my journey of dealing with grief.,The journey will take three hours.,Yolculuk üç saat sürecek.
1068,Smooth,adjective,"Example used the word as a verb, but POS is adjective, and it was a fragment. Fixed meaning and example.",Düz,Pürüzsüz,to smooth a person's temper.,The baby's skin is very smooth.,Bebeğin cildi çok pürüzsüz.
1101,Shade,noun,Example was too long (12 words) for A2. Rewritten to be shorter and simpler.,Gölge,Gölge,The old oak tree gave shade in the heat of the day.,The large tree gives nice shade.,Büyük ağaç güzel gölge verir.
1111,Ancient,adjective,Example was a fragment. Rewritten as a complete natural sentence.,Antik,Antik,an ancient city  an ancient forest.,We visited an ancient city today.,Bugün antik bir şehri ziyaret ettik.
1122,Criticize,verb,Turkish verb must be in -mek/-mak form. Example vocabulary was too advanced for A2.,Eleştir,Eleştirmek,They criticized him for endangering people's lives.,My boss often criticizes my work.,Patronum sık sık işimi eleştirir.
1127,Opposite,adjective,Example used the 'karşı' meaning instead of 'zıt'. Rewritten to match the translation.,Zıt,Zıt,We live on the opposite side of the street.,Black and white are opposite colors.,Siyah ve beyaz zıt renklerdir.
1154,Retired,adjective,Example used 'retired' as a verb and had overly advanced vocabulary. Rewritten to use the adjective form.,Emekli,Emekli,"Having made a large fortune, he retired.",My father is a retired teacher.,Babam emekli bir öğretmendir.
1157,Dislike,noun,Turkish translation was not in dictionary form. Changed POS to verb (most common sense) and rewrote example.,Beğenmedim,Sevmemek,Tell me your likes and dislikes.,I dislike cold weather.,Soğuk havayı sevmem.
1160,Avoid,verb,Example vocabulary ('company of gamblers') was too advanced for A2.,Kaçınmak,Kaçınmak,I try to avoid the company of gamblers.,I avoid eating too much sugar.,Çok fazla şeker yemekten kaçınırım.
1167,Familiar,adjective,Example used an obscure noun sense of the word. Changed Turkish to a more common translation and rewrote example.,Aşina,Tanıdık,The witch’s familiar was a black cat.,His face looks familiar to me.,Yüzü bana tanıdık geliyor.
1172,Weak,adjective,Vocabulary ('boulder') was too advanced for A2.,Zayıf,Zayıf,The child was too weak to move the boulder.,He is too weak to lift the box.,Kutuyu kaldıramayacak kadar zayıf.
1202,Fiction,noun,Original example sounded slightly unnatural. Rewritten for clarity.,Kurgu,Kurgu,I am a great reader of fiction.,I love reading fiction books.,Kurgu kitapları okumayı severim.
1204,Background,noun,Example used the 'geçmiş' meaning instead of 'arka plan'. Rewritten to match.,Arka Plan,Arka Plan,The lawyer had a background in computer science.,The picture has a blue background.,Resmin mavi bir arka planı var.
1207,Product,noun,Example contained two separate sentences. Rewritten as a single natural sentence.,Ürün,Ürün,That store offers a variety of products.  We've got to sell a lot of product by the end of the month.,We sell good products in our store.,Mağazamızda iyi ürünler satıyoruz.
1208,Pretend,verb,"Example was too long and advanced for A2, and used it as a noun/adjective. Rewritten to a simple verb phrase.",Numara Yapmak,Numara Yapmak,"As children we used to go on ""spying"" missions around the neighbour's house, but it was all pretend.",Don't pretend to be sick.,Hasta numarası yapma.
1212,Pursue,verb,Turkish translation changed to common 'Takip Etmek' in dictionary form. Example was too advanced and rewritten.,İzlemek,Takip Etmek,Her rival pursued a quite different course.,The police pursued the stolen car.,Polis çalıntı arabayı takip etti.
1213,Educational,adjective,Word 'establishment' was too advanced for A2. Rewritten with simpler vocabulary.,Eğitici,Eğitici,A school is an educational establishment.,This is an educational game for children.,Bu çocuklar için eğitici bir oyundur.
1215,Concentrate,verb,Verb must be in -mek/-mak form. Example was a sentence fragment. Rewritten.,Konsantre,Konsantre Olmak,to concentrate rays of light into a focus.,I cannot concentrate on my work.,İşime konsantre olamıyorum.
1218,Freeze,verb,Verb was not in dictionary form. Rewritten example to be simpler and use standard meaning.,Dondur,Donmak,The lake froze solid.,Water freezes at zero degrees.,Su sıfır derecede donar.
1220,Cupboard,noun,"Most common translation is 'Dolap', not 'Büfe'. Adjusted the translation.",Büfe,Dolap,Put the cups back into the cupboard.,Put the cups back into the cupboard.,Bardakları dolaba geri koyun.
1242,Seriously,adverb,The original example used the idiom 'take seriously' which translates differently. Rewrote to use 'cidden'.,Cidden,Cidden,You need to take this problem very seriously.,I seriously do not know the answer.,Cevabı cidden bilmiyorum.
1268,Adventure,noun,The example was a fragment.,Macera,Macera,A life full of adventures.,We had a great adventure today.,Bugün harika bir macera yaşadık.
1275,Next,adverb,The example used advanced phrasing. Rewrote as a simple sentence.,Sonraki,Sonraki,"Next, please, don't hold up the queue!",The next bus will arrive soon.,Sonraki otobüs yakında gelecek.
1277,Root,noun,The example was too complex for A2.,Kök,Kök,This tree's roots can go as deep as twenty metres underground.,This tree has very deep roots.,Bu ağacın çok derin kökleri var.
1328,Partly,adverb,The example consisted of multiple clauses and was too long. Rewrote to a simple sentence.,Kısmen,Kısmen,they partly finished the house so they could move in before winter;  the car was partly visible in the garage.,The sky is partly cloudy today.,Gökyüzü bugün kısmen bulutlu.
1366,Certain,adjective,The original translation used 'emin' instead of 'kesin'. Rewrote example to match the target meaning.,Kesin,Kesin,I was certain of my decision.,The date is not certain yet.,Tarih henüz kesin değil.
1367,Admire,verb,"Meaning changed to Hayran olmak (more natural), example rewritten to be simpler and shorter for A2.",Beğenmek,Hayran olmak,He had always admired the work ethos and family values of his friend.,I admire your new painting.,Yeni tablonuza hayranım.
1370,Disappointing,adjective,"Turkish translation fixed to adjective form, example rewritten to match the adjective instead of using the verb 'disappoint'.",Hayal Kırıklığı,Hayal kırıklığına uğratıcı,His lack of respect disappointed her.,The movie was very disappointing.,Film çok hayal kırıklığına uğratıcıydı.
1377,Opinion,noun,"Example sentence was too idiomatic/complex for A2, rewritten to a simpler natural question.",Fikir,Fikir,Every man is a fool in some man's opinion.,What is your opinion about this book?,Bu kitap hakkındaki fikriniz nedir?
1381,Organized,adjective,Example was a fragment. Rewritten into a complete sentence. Turkish meaning updated to Düzenli which is more common for this context.,Organize,Düzenli,an organized being.,She is a very organized person.,O çok düzenli bir insandır.
1416,Degree,noun,"For A2, 'derece' as temperature is much more common and simpler to use than academic degrees. Rewrote example.",Derece,Derece,She has two bachelor's degrees and is studying towards a master's degree.,It is thirty degrees outside today.,Bugün dışarısı otuz derece.
1417,Frame,noun,Original example had complex grammar ('Now that...') for A2. Rewritten to a simple everyday sentence.,Çerçeve,Çerçeve,"Now that the frame is complete, we can start on the walls.",I bought a wooden frame for the picture.,Resim için ahşap bir çerçeve aldım.
1418,Licence,verb,Licence as a verb is advanced; its most common A2 meaning is the noun form (Ehliyet/Lisans). Fixed accordingly.,Lisans vermek,Ehliyet,They will licence the new software soon.,Do you have a driving licence?,Ehliyetin var mı?
1427,Intelligent,adjective,Original sentence was too long and contained advanced vocabulary ('design proposal'). Rewritten for A2.,Zeki,Zeki,The engineer had a very intelligent design proposal for the new car.,He is a very intelligent student.,O çok zeki bir öğrencidir.
1429,Forest,noun,Example was a fragment and used a metaphorical sense of forest. Rewritten to a natural A2 sentence.,Orman,Orman,a forest of criticism.,We went for a walk in the forest.,Ormanda yürüyüşe çıktık.
1430,Single,adjective,Example used the noun meaning (music singles) instead of the adjective meaning (bekar). Rewritten to match.,Bekar,Bekar,The Offspring released four singles from their most recent album.,He is single and lives alone.,O bekar ve yalnız yaşıyor.
1432,Cross,verb,Example used 'cross' as a noun (mark/X) but the target POS is verb. Rewritten to use the verb.,Geçmek,Geçmek,Put a cross for a wrong answer and a tick for a right one.,Be careful when you cross the street.,Sokağı geçerken dikkatli olun.
1434,Attack,noun,"Original example used complex B2+ vocabulary (censorship, free speech). Rewritten to A2 level.",Saldırı,Saldırı,They claimed the censorship of the article was an attack on free speech.,There was an attack on the bank yesterday.,Dün bankaya bir saldırı oldu.
1484,Explain,verb,"Example was a fragment. Rewritten to a complete, natural A2 sentence.",Açıklamak,Açıklamak,To explain a chapter of the Bible.,Can you explain this rule to me?,Bu kuralı bana açıklayabilir misin?
1496,Since,preposition,Turkish meaning fixed to dictionary form 'Beri'. Example was a fragment and rewritten to a complete A2 sentence.,O Zamandan Beri,Beri,A short/long time since.,I have been here since morning.,Sabahtan beri buradayım.
1513,Lord,,Fixed part of speech to noun.,Tanrı,Tanrı,She went to church to pray to the Lord.,She went to church to pray to the Lord.,Tanrı'ya dua etmek için kiliseye gitti.
1526,Worse,adjective,Fixed capitalization in Turkish meaning.,Daha Kötü,Daha kötü,The weather is worse today than yesterday.,The weather is worse today than yesterday.,Hava bugün dünden daha kötü.
1537,Recycle,verb,"Changed Turkish to dictionary form of verb, fixed capitalization, and simplified example.",Geri Dönüşüm,Geri dönüştürmek,Both paper and plastic can be recycled.,We should recycle plastic bottles.,Plastik şişeleri geri dönüştürmeliyiz.
1554,Businessman,noun,Fixed capitalization in Turkish meaning.,İş Adamı,İş adamı,He is a very successful businessman.,He is a very successful businessman.,O çok başarılı bir iş adamı.
1557,Consider,verb,Fixed capitalization in Turkish meaning.,Dikkate Almak,Dikkate almak,We will consider your idea for the project.,We will consider your idea for the project.,Proje için fikrinizi dikkate alacağız.
1566,Worried,adjective,Example was too long and complex for A2; rewrote to be simpler.,Endişeli,Endişeli,She was worried about her son who had been sent off to fight in the war.,I am very worried about the test.,Sınav için çok endişeliyim.
1569,Download,verb,Original example used download as a noun; rewrote to use it as a verb.,İndirmek,İndirmek,The download took longer than I expected.,I will download the game today.,Bugün oyunu indireceğim.
1571,Mostly,adverb,Original example was a bit complex for A2; rewrote for simplicity.,Çoğunlukla,Çoğunlukla,"They're mostly good people, although they have made a few mistakes.",I mostly listen to pop music.,Çoğunlukla pop müzik dinlerim.
1589,Gentle,adjective,Removed real person name and simplified sentence.,Nazik,Nazik,Stuart is a gentle man; he would never hurt you.,My dog is very gentle with children.,Köpeğim çocuklara karşı çok naziktir.
1590,View,noun,Example was a fragment with a place name; replaced with a complete sentence. Changed meaning to the more common A2 sense.,Görüş,Manzara,a fine view of Lake George.,The hotel room has a beautiful view.,Otel odasının güzel bir manzarası var.
1591,Contrast,noun,Removed place name and rewrote for A2 level.,Zıtlık,Zıtlık,Israel is a country of many contrasts.,There is a big contrast between the two brothers.,İki kardeş arasında büyük bir zıtlık var.
1597,Included,verb,"Changed POS to adjective since Included is an adjective, and fixed example/translation.",Dahil Etmek,Dahil,She included a map in the letter.,Breakfast is included in the price.,Kahvaltı fiyata dahildir.
1602,Hardly,adverb,Fixed capitalization in Turkish meaning.,Zar Zor,Zar zor,I can hardly see the sign from here.,I can hardly see the sign from here.,Buradan tabelayı zar zor görebiliyorum.
1603,Contact,verb,Fixed capitalization in Turkish meaning.,İletişime Geçmek,İletişime geçmek,Please contact me when you arrive.,Please contact me when you arrive.,Vardığında lütfen benimle iletişime geç.
1616,Singing,noun,Fixed capitalization in Turkish meaning.,Şarkı Söylemek,Şarkı söylemek,Singing is a very relaxing hobby for me.,Singing is a very relaxing hobby for me.,Şarkı söylemek benim için çok rahatlatıcı bir hobi.
1617,App,,Fixed part of speech to noun.,Uygulama,Uygulama,I downloaded a new app for language learning.,I downloaded a new app for language learning.,Dil öğrenmek için yeni bir uygulama indirdim.
1630,Sense,noun,Example was a fragment; rewrote as a complete sentence and changed meaning to Duyu.,Algı,Duyu,a sense of security.,Dogs have a very good sense of smell.,Köpeklerin çok iyi bir koku alma duyusu vardır.
1631,Rent,noun,Original example was too long and contained place names; rewrote to be simpler.,Kira,Kira,"A New York city taxicab license earns more than $10,000 a year in rent.",I pay my rent at the beginning of the month.,Kiramı ayın başında öderim.
1633,Allow,verb,Fixed capitalization in Turkish meaning.,İzin Vermek,İzin vermek,They do not allow dogs in the hotel.,They do not allow dogs in the hotel.,Otelde köpeklere izin vermiyorlar.
1638,Whom,pronoun,Original example contained weird formatting; rewrote as a natural question. changed Turkish meaning.,Kime,Kimi,He's a person with whom I work. (defining).,Whom did you invite to the party?,Partiye kimi davet ettin?
1642,Mood,noun,Fixed capitalization in Turkish meaning.,Ruh hali,Ruh hali,I am in a bad mood today.,I am in a bad mood today.,Bugün kötü bir ruh halindeyim.
1664,Illegal,adjective,Misspelled Turkish word. 'Yasa dışı' should be written as two words according to TDK rules.,Yasadışı,Yasa dışı,It is illegal to drive without a license.,It is illegal to drive without a license.,Ehliyetsiz araba kullanmak yasa dışıdır.
1682,Feather,noun,Example used 'feather' as a verb instead of a noun. Rewrote the sentence to match the noun sense 'Tüy'.,Tüy,Tüy,The stylist feathered my hair.,The bird has a beautiful blue feather.,Kuşun güzel mavi bir tüyü var.
1729,Remain,verb,Example used a different sense of remain (to stay in a state). Rewrote example to match 'Geriye Kalmak' (to be left over).,Geriye Kalmak,Geriye Kalmak,"There was no food in the house, so I had to remain hungry.",Only two tickets remain for the concert.,Konser için geriye sadece iki bilet kaldı.
1738,Passage,noun,"Example used 'passage' in a musical sense, but translation is 'Geçit' (pathway). Rewrote example to match the given translation.",Geçit,Geçit,She struggled to play the difficult passages.,There is a dark passage behind the building.,Binanın arkasında karanlık bir geçit var.
1784,Attempt,noun,Rewrote example to better match 'Girişim' and make it simple for A2.,Girişim,Girişim,It was worth the attempt.,His first attempt was successful.,İlk girişimi başarılıydı.
1789,Fork,noun,Example was way too long for A2 and used proper nouns.,Çatal,Çatal,West Fork White River and East Fork White River join together to form the White River of Indiana.,I need a fork for my salad.,Salatam için bir çatal lazım.
1801,Chance,noun,"Original translation matched 'fırsat', rewrote to clearly mean 'şans'.",Şans,Şans,We had the chance to meet the president last week.,I need one more chance.,Bir şansa daha ihtiyacım var.
1804,Secret,noun,"'Gizli' is an adjective, changed to noun 'Sır' and simplified the fragmented dialogue example.",Gizli,Sır,"""Can you keep a secret?"" ""Yes."" ""So can I."".",I will tell you a secret.,Sana bir sır vereceğim.
1867,Thirsty,adjective,"Thirsty means 'susamış' (needing water), not 'susuz' (without water). Rewrote example slightly.",Susuz,Susamış,After all that work I am really thirsty.,I am very thirsty.,Çok susadım.
1875,Bury,verb,"Example was a fragment, rewrote as a complete natural sentence.",Gömmek,Gömmek,bury a bone;  bury the embers.,The dog will bury the bone.,Köpek kemiği gömecek.
1876,Truly,adverb,"Truly means 'gerçekten', not 'tamamen'. Rewrote example.",Tamamen,Gerçekten,That is truly all I know.,I am truly sorry.,Gerçekten üzgünüm.
1882,Youth,noun,Original sentence structure was too complex for A2.,Gençlik,Gençlik,Her youth and beauty attracted him to her.,He spent his youth in London.,Gençliğini Londra'da geçirdi.
1884,Cent,noun,"Cent is 'sent', percent is 'yüzde'. Rewrote example to reflect currency.",Yüzde,Sent,He blew every last cent.,I do not have a single cent.,Tek bir sentim bile yok.
1886,Drawing,noun,Example used the verb phrase 'draw upon' instead of the noun 'drawing'.,Çizim,Çizim,She had to draw upon her experience to solve the problem.,Your drawing is very beautiful.,Çizimin çok güzel.
1888,Choice,noun,Sentence was a bit long and complex for A2. Simplified it.,Seçenek,Seçenek,Do I have a choice of what color to paint it?,You have only one choice.,Sadece bir seçeneğin var.
1892,Trade,noun,Sentence used plural trades and difficult vocabulary. Simplified for A2.,Ticaret,Ticaret,I did no trades with them once the rumors started.,They do a lot of trade with Europe.,Avrupa ile çok ticaret yaparlar.
1898,Euro,noun,Capitalized Euro to match target word exactly.,Euro,Euro,The concert ticket costs ten euro.,I need one Euro.,Bir Euro'ya ihtiyacım var.
1909,Native,adjective,"Sentence used native in the sense of anadil, but translation is yerli. Fixed to match 'yerli' meaning.",Yerli,Yerli,She is a native speaker of Spanish.,We grow native plants in our garden.,Bahçemizde yerli bitkiler yetiştiriyoruz.
1935,Author,noun,Sentence referred to specific real historical peoples which violates rules. Simplified.,Yazar,Yazar,Have you read any Corinthian authors?,He is a famous author.,O ünlü bir yazardır.
1937,Rate,noun,Sentence was too long and complex for A2. Simplified it.,Oran,Oran,"At the height of his powers, he was producing pictures at the rate of four a year.",The interest rate is very high.,Faiz oranı çok yüksek.
1947,Beyond,preposition,Example was a complex news headline quote. Replaced with simple sentence.,Öte,Öte,"2017 July 13, Joseph Gamp ""Marvel release stirring new set images of Black Panther and we are BEYOND excited"" Metro (UK).",The town is beyond those mountains.,Kasaba şu dağların ötesinde.
1949,Population,noun,Sentence referenced real places and was unnatural for A2. Replaced with simple sentence.,Nüfus,Nüfus,The population of New Jersey will not stand for this!,The city has a large population.,Şehrin büyük bir nüfusu var.
1978,Pilot,noun,'fast pilot' is weird phrasing. Removed 'fast'.,Pilot,Pilot,My brother wants to be a fast pilot.,My brother wants to be a pilot.,Kardeşim pilot olmak istiyor.
1982,Area,noun,Turkish translation 'bölgede' didn't match dictionary form 'Alan'. Rewrote to use 'Alan'.,Alan,Alan,The photo is a little dark in that area.,We need a large area for the game.,Oyun için geniş bir alana ihtiyacımız var.
1994,Serve,verb,Turkish translation was totally wrong ('Sert' means hard/strict). Example was a noun sense. Replaced everything.,Sert,Servis Yapmak,Whose serve is it?,They serve lunch at noon.,Öğlenleri öğle yemeği servis yaparlar.
1995,Produce,verb,Example was a fragment and wrong geometry sense. Replaced with a proper A2 sentence.,Üretmek,Üretmek,to produce a side of a triangle.,This factory will produce new cars.,Bu fabrika yeni arabalar üretecek.
1996,Fashion,noun,'Check out the latest in' is slightly too idiomatic for A2. Simplified.,Moda,Moda,Check out the latest in fashion.,She likes to read about fashion.,Moda hakkında okumayı sever.
2001,Male,noun,Example was a fragment. Changed to a complete sentence using male as a noun.,Erkek,Erkek,a male bird feeding a seed to a female.,The dog is a male.,Köpek bir erkek.
2002,Hero,noun,Example used poker jargon. Replaced with simple everyday sentence.,Kahraman,Kahraman,"Let's discuss how to play if the hero has KK, and there's an ace on board.",He is a hero in our town.,O bizim kasabamızda bir kahramandır.
2005,Frightening,adjective,Sentence used both 'scary' and 'frightening' which is redundant. Simplified.,Korkutucu,Korkutucu,That scary movie was too frightening for the children.,The loud noise was very frightening.,Yüksek ses çok korkutucuydu.
2008,Stand,verb,Used as a noun in the original example. Rewritten to use as a verb.,Durmak,Durmak,The Commander says we will make our stand here.,Please stand behind the yellow line.,Lütfen sarı çizginin arkasında durun.
2049,Return,verb,Used as a noun in the original example. Rewritten to use as a verb.,Geri Dönmek,Geri Dönmek,I expect the house to be spotless upon my return.,I will return to the office after lunch.,Öğle yemeğinden sonra ofise geri döneceğim.
2105,Fear,noun,Original example sentence was too advanced for A2 level.,Korku,Korku,He was struck by fear on seeing the snake.,She has a great fear of spiders.,Onun örümceklere karşı büyük bir korkusu var.
2106,Temperature,noun,Original example sentence exceeded the A2 word limit.,Sıcaklık,Sıcaklık,The temperature in the room dropped nearly 20 degrees; it went from hot to cold.,The temperature is very low today.,Bugün sıcaklık çok düşük.
2143,Pile,noun,"Turkish meaning was incorrect for the most common sense, and the example was too long.",Kazık,Yığın,"When we were looking for a new housemate, we put the nice woman on the ""maybe"" pile, and the annoying guy on the ""no"" pile.",There is a large pile of books on the table.,Masanın üzerinde büyük bir yığın kitap var.
2147,Plenty,noun,Original example was too advanced for A2 level.,Bolca,Bolca,We are lucky to live in a land of peace and plenty.,We have plenty of food for the party.,Parti için bolca yemeğimiz var.
2148,Exactly,adverb,"Corrected the Turkish meaning to the most common A2 sense, and rewrote the example to match.",Kesinlikle,Tam Olarak,He divided the coins exactly in half.,That is exactly what I want to do.,Bu tam olarak yapmak istediğim şey.
2194,Explanation,noun,Used simpler A2 vocabulary instead of 'drawn-out'.,Açıklama,Açıklama,The explanation was long and drawn-out.,The teacher gave a clear explanation.,Öğretmen net bir açıklama yaptı.
2242,Heating,noun,The previous example used 'heat' as a verb. Changed to use the noun 'heating'.,Isıtma,Isıtma,I'll heat up the water.,The heating in my room is broken.,Odamdaki ısıtma bozuk.
2244,Regular,adjective,Changed to use 'regular' as an adjective instead of a noun.,Düzenli,Düzenli,Bartenders usually know their regulars by name.,You should get regular exercise.,Düzenli egzersiz yapmalısın.
2245,Method,noun,Shortened the sentence to fit A2 limit of 11 words.,Yöntem,Yöntem,"If one method doesn't work, you should ask a friend to help you.",This is a new method for learning English.,"Bu, İngilizce öğrenmek için yeni bir yöntem."
2252,Creative,adjective,Changed to use 'creative' as an adjective and removed advanced word 'visionary'.,Yaratıcı,Yaratıcı,He is a visionary creative.,She is a very creative person.,O çok yaratıcı bir insandır.
2262,Impatient,adjective,Changed the sentence fragment into a complete natural sentence.,Sabırsız,Sabırsız,impatient speeches or replies.,Please do not be so impatient.,Lütfen bu kadar sabırsız olma.
2275,Round,adverb,Changed to the most common A1/A2 meaning (adjective: Yuvarlak) and rewrote the sentence.,Geriye,Yuvarlak,She turned round and looked at me.,The table in the kitchen is round.,Mutfaktaki masa yuvarlaktır.
2286,Original,adjective,Removed advanced word 'manuscript' and used 'original' as an adjective instead of a noun.,Orijinal,Orijinal,This manuscript is the original.,I have the original document.,Orijinal belge bende var.
2317,Wild,adjective,Example uses 'wild' as a noun. Rewrote to use it as an adjective meaning 'vahşi'.,Vahşi,Vahşi,"After mending the lion's leg, we returned him to the wild.",I saw a wild animal in the forest.,Ormanda vahşi bir hayvan gördüm.
2318,Manager,noun,"Example is a fragment, not a complete sentence. Rewrote to a complete A2 sentence.",Müdür,Müdür,a file manager; a task manager; Program Manager.,The new manager is very friendly.,Yeni müdür çok arkadaş canlısı.
2356,Bit,noun,Example used 'bit' as horse tackle. Rewrote to use 'a bit' meaning 'biraz'.,Biraz,Biraz,A horse hates having a bit put in its mouth.,He ate a bit of cake.,Biraz kek yedi.
2367,Based,noun,Example and vocabulary too advanced for A2. Rewrote with simpler vocabulary and updated Turkish meaning to 'Dayalı'.,Temelli,Dayalı,That was a soundly based argument.,The book is based on a true story.,Kitap gerçek bir hikayeye dayalı.
2402,Mystery,noun,Vocabulary slightly too advanced for A2. Rewrote to a simpler sentence.,Gizem,Gizem,The truth behind the events remains a mystery.,The missing car is still a mystery.,Kayıp araba hala bir gizem.
2404,Succeed,verb,Example uses the 'follow' sense of succeed. Rewrote to match the 'başarmak' (achieve/succeed) sense.,Başarmak,Başarmak,Autumn succeeds summer.,You will succeed if you work hard.,Çok çalışırsan başarırsın.
2411,Pleasant,adjective,"Example is too long for A2 (limit 11 words). Rewrote to a shorter, simpler sentence.",Güzel,Güzel,"It wasn't so hot outside, but pleasant enough to have lunch in the garden.",We had a very pleasant evening together.,Birlikte çok güzel bir akşam geçirdik.
2413,Further,adjective,Example is a fragment and uses 'further' as a verb. Rewrote to use it as an adjective and updated Turkish to 'Daha Fazla'.,Daha Öte,Daha Fazla,Further the economy.,I have no further questions for you.,Sana daha fazla sorum yok.
2452,Awful,adjective,Updated Turkish translation to use 'berbat' instead of 'çok kötü'.,Berbat,Berbat,My socks smell awful.,My socks smell awful.,Çoraplarım berbat kokuyor.
2461,Diary,noun,"Example is too long for A2 (limit 11 words). Rewrote to a shorter, simpler sentence.",Günlük,Günlük,They kept separate diaries. His was on paper and her diary was on her computer's hard drive.,I write in my diary every night.,Her gece günlüğüme yazarım.
2551,Mad,adjective,"Sentence used 'mad' to mean crazy, but Turkish meaning is 'Kızgın' (angry).",Kızgın,Kızgın,He's got this mad idea that he's irresistible to women.,My mother is very mad at me today.,Annem bugün bana çok kızgın.
2553,Capital,noun,"Sentence used 'capital' to mean money, but Turkish meaning is 'Başkent' (capital city).",Başkent,Başkent,He does not have enough capital to start a business.,London is the capital of the UK.,"Londra, Birleşik Krallık'ın başkentidir."
2559,Roll,noun,"Sentence used 'roll' for rolling motion, but Turkish meaning is 'Rulo' (like a roll of paper).",Rulo,Rulo,Look at the roll of the waves.,I bought a roll of paper today.,Bugün bir rulo kağıt aldım.
2565,Inch,noun,"Example was an idiom not suitable for A2, and translation omitted 'inch'.",İnç,İnç,"""Don't move an inch!"".",My phone is six inches long.,Telefonum altı inç uzunluğundadır.
2568,Count,verb,"Example used 'count' as a noun, but pos is verb.",Saymak,Saymak,Give the chairs a quick count to check if we have enough.,Can you count to ten in English?,İngilizce ona kadar sayabilir misin?
2569,Usual,adjective,"Example used 'usual' as a noun phrase, but pos is adjective.",Olağan,Olağan,I'll just have the usual.,It is a usual day at the office.,Ofiste olağan bir gün.
2573,Advice,noun,Sentence was too complex for A2 and contained a grammatical error.,Tavsiye,Tavsiye,She was offered various piece of advice on what to do with her new-found wealth.,Can you give me some good advice?,Bana biraz iyi tavsiye verebilir misin?
2611,Send,verb,Sentence was too long for A2 (limit 11 words).,Göndermek,Göndermek,"Every day at two o'clock, he sends his secretary out to buy him a coffee.",He sends me a letter every week.,Bana her hafta bir mektup gönderir.
2612,Possibly,adverb,Original sentence had difficult words for A2.,Muhtemelen,Muhtemelen,It was possibly the costliest mistake in the organization's history.,I will possibly be late tomorrow.,Yarın muhtemelen geç kalacağım.
2613,Acceptable,adjective,Used a real person's name.,Kabul Edilebilir,Kabul Edilebilir,We need to find an acceptable present for Jeff.,Is this price acceptable to you?,Bu fiyat senin için kabul edilebilir mi?
2620,Crowd,noun,Sentence was too long for A2.,Kalabalık,Kalabalık,"After the movie let out, a crowd of people pushed through the exit doors.",There was a big crowd at the concert.,Konserde büyük bir kalabalık vardı.
2650,Junior,adjective,Sentence was a fragment.,Genç,Genç,four years his junior.,He is a junior player in the team.,O takımda genç bir oyuncu.
2669,Fully,adverb,Original sentence was slightly too difficult for A2.,Tamamen,Tamamen,He fully met his responsibilities.,I fully agree with you.,Sana tamamen katılıyorum.
2705,Expect,verb,Original example was slightly complex for A2.,Beklemek,Beklemek,He never expected to be discovered.,I expect to see you there.,Seni orada görmeyi bekliyorum.
2707,Invention,noun,Sentence was too long and used wrong sense of the word.,Buluş,Buluş,I'm afraid there was no burglar. It was all the housekeeper's invention.,The telephone is a great invention.,Telefon harika bir buluştur.
2714,Wooden,adjective,Sentence was too long for A2.,Ahşap,Ahşap,"On a recent windy day, hundreds of visitors climbed wooden stairs to take pictures in front of the glacier.",She sat on a wooden chair.,Ahşap bir sandalyeye oturdu.
2715,Promise,noun,Not a proper single sentence and had bad formatting.,Söz,Söz,"if I make a promise, I always stick to it;  he broke his promise.",He always keeps his promise.,O her zaman sözünü tutar.
2720,Cost,noun,Word was used as a verb instead of a noun.,Maliyet,Maliyet,It will cost you a lot of money to take a trip around the world.,The total cost of the car is very high.,Arabanın toplam maliyeti çok yüksek.
2721,Steal,verb,Word was used as a noun instead of a verb. Also corrected Turkish meaning.,Hırsızlık Yapmak,Çalmak,"At this price, this car is a steal.",Someone tried to steal my bike.,Biri bisikletimi çalmaya çalıştı.
2722,Travel,noun,Sentence was a fragment.,Seyahat,Seyahat,space travel.,I love reading books about travel.,Seyahat hakkında kitaplar okumayı seviyorum.
2756,Editor,noun,Contained real names (John/Joan Johnson).,Editör,Editör,John Johnson wrote this term paper and the editor was Joan Johnson.,She is an editor for a local newspaper.,"O, yerel bir gazetede editördür."
2760,Opportunity,noun,Example too long for A2 (17 words > 11).,Fırsat,Fırsat,The world is full of opportunities and it's up to me to see them and pursue them.,This is a great opportunity for you.,Bu senin için harika bir fırsat.
2763,University,noun,Example too long for A2 (15 words) and used complex grammar.,Üniversite,Üniversite,The only reason why I haven't gone to university is because I can't afford it.,My sister goes to university in the city.,Kız kardeşim şehirde üniversiteye gidiyor.
2764,Captain,noun,Example used advanced vocabulary (sinking) and an idiom.,Kaptan,Kaptan,The captain is the last man to leave a sinking ship.,The captain welcomed us on the ship.,Kaptan bizi gemide karşıladı.
2775,Wonder,verb,"Example used 'wonder' as a noun, but the Turkish translation is for the verb.",Merak Etmek,Merak etmek,Wonders of the World seem to come in sevens.,I wonder where she is right now.,Şu an nerede olduğunu merak ediyorum.
2885,Surf,verb,'Surf the internet' usually translates to 'internette gezinmek'. Changed to physical sport to match 'Sörf yapmak'.,Sörf yapmak,Sörf yapmak,I surf the internet every day.,We want to surf in the sea today.,Bugün denizde sörf yapmak istiyoruz.
2937,Rock,noun,Throwing a 'kaya' (large boulder) is unnatural in Turkish ('taş' is thrown). Changed to sit.,Kaya,Kaya,The child threw a small rock into the water.,The man sat on a large rock.,Adam büyük bir kayanın üzerine oturdu.
2956,Id,noun,Capitalized 'ID' in the English example for correctness.,Kimlik,Kimlik,You must show your id to enter the building.,You must show your ID to enter the building.,Binaya girmek için kimliğinizi göstermelisiniz.
2964,Grace,noun,Improved the Turkish translation to sound much more natural ('Büyük bir' instead of 'Çok fazla').,Zarafet,Zarafet,She danced with so much grace and beauty.,She danced with so much grace and beauty.,Büyük bir zarafet ve güzellikle dans etti.
2966,Championship,noun,Changed Turkish meaning from 'Şampiyona' (tournament) to 'Şampiyonluk' (title) to match the example.,Şampiyona,Şampiyonluk,Our team will win the championship this year.,Our team will win the championship this year.,Takımımız bu yıl şampiyonluğu kazanacak.
2968,Automatically,adverb,Corrected grammatical structure in the Turkish translation for naturalness.,Otomatik olarak,Otomatik olarak,The door opens automatically when you stand near it.,The door opens automatically when you stand near it.,Kapının yanında durduğunuzda otomatik olarak açılır.
2969,Principal,adjective,Updated translation to strictly match the provided Turkish meaning 'Başlıca'.,Başlıca,Başlıca,The principal problem is that we have no money.,The principal problem is that we have no money.,Başlıca sorun hiç paramızın olmaması.
2972,Highway,noun,Made the Turkish translation more natural ('otoyoldan gittik' instead of literal 'sürdük').,Otoyol,Otoyol,We drove on the highway to reach the city faster.,We drove on the highway to reach the city faster.,Şehre daha hızlı ulaşmak için otoyoldan gittik.
2976,Audio,adjective,"Rewrote the sentence because the original used 'audio' as a noun adjunct meaning 'Ses', not 'Sesli'.",Sesli,Sesli,The television has good pictures but poor audio quality.,I like to listen to audio books.,Sesli kitap dinlemeyi severim.
2983,Comic,adjective,Rewrote the example. The original used it as a genre ('komedi') instead of the target meaning 'komik' (funny).,Komik,Komik,He is a great comic actor.,The play had many comic moments.,Oyunun birçok komik anı vardı.
2986,Downtown,adverb,Changed Turkish meaning to the dictionary form without the dative suffix.,Şehir merkezine,Şehir merkezi,We will go downtown tomorrow.,We will go downtown tomorrow.,Yarın şehir merkezine gideceğiz.
2987,Sake,noun,Simplified the Turkish field to a single most common word as per dictionary form rules.,Hatır / Uğur,Hatır,I did it for your sake.,I did it for your sake.,Bunu senin hatırın için yaptım.
2994,Roughly,adverb,Removed alternative meaning for simplicity.,Yaklaşık / Kabaca,Yaklaşık,It will cost roughly ten dollars.,It will cost roughly ten dollars.,Yaklaşık on dolara mal olacak.
2999,Instant,adjective,Removed alternative meaning for simplicity.,Hazır / Anında,Hazır,I like to drink instant coffee.,I like to drink instant coffee.,Hazır kahve içmeyi severim.
3004,Shore,noun,Removed alternative meaning for simplicity.,Kıyı / Sahil,Sahil,We walked along the shore yesterday.,We walked along the shore yesterday.,Dün sahil boyunca yürüdük.
3007,Romance,noun,"Changed the example since 'romance' translates to 'aşk hikayesi', which is read rather than watched.",Aşk hikayesi,Aşk hikayesi,She loves to watch a good romance.,She read a beautiful romance.,Güzel bir aşk hikayesi okudu.
3014,Globe,noun,"Changed the example to match the literal A2 meaning of 'globe' (Küre) as an object, rather than 'the world'.",Küre,Küre,She wants to travel around the globe.,He has a small globe on his desk.,Masasında küçük bir küre var.
3016,Lover,noun,Changed to the primary meaning 'Sevgili' and updated the example to match.,Seven,Sevgili,My friend is a big dog lover.,She wrote a letter to her lover.,Sevgilisine bir mektup yazdı.
3020,Maker,noun,'Makine' is incorrect for standalone 'maker'. Changed Turkish meaning to 'Üretici' and updated example.,Makine,Üretici,We need a new coffee maker.,The maker of this car is famous.,Bu arabanın üreticisi ünlüdür.
3069,Toast,noun,"'Toast' in English means toasted bread ('Kızarmış ekmek'), not a grilled sandwich ('Tost').",Tost,Kızarmış ekmek,I ate two pieces of toast for breakfast.,I ate two pieces of toast for breakfast.,Kahvaltıda iki dilim kızarmış ekmek yedim.
3109,Quiz,noun,Fixed capitalization,Kısa Sınav,Kısa sınav,We have a short math quiz tomorrow morning.,We have a short math quiz tomorrow morning.,Yarın sabah kısa bir matematik sınavımız var.
3110,Vocabulary,noun,Fixed capitalization,Kelime Dağarcığı,Kelime dağarcığı,You need to study your English vocabulary every day.,You need to study your English vocabulary every day.,Her gün İngilizce kelime dağarcığına çalışmalısın.
3114,Playground,noun,Capitalized only the first letter.,Oyun Alanı,Oyun alanı,The children are playing happily in the playground.,The children are playing happily in the playground.,Çocuklar oyun alanında neşeyle oynuyorlar.
3118,Comparative,noun,"Used as an adjective in the original example, changed to noun to match part of speech.",Karşılaştırma,Karşılaştırma,We will learn the comparative form in our grammar lesson.,The word 'bigger' is a comparative.,'Bigger' kelimesi bir karşılaştırmadır.
3121,Softly,adverb,Matched Turkish with the example translation.,Hafifçe,Usulca,She speaks softly to the sleeping baby.,She speaks softly to the sleeping baby.,Uyuyan bebeğe usulca konuşuyor.
3123,Textbook,noun,Capitalized only the first letter.,Ders Kitabı,Ders kitabı,Please open your history textbook to page five.,Please open your history textbook to page five.,Lütfen tarih ders kitabınızın beşinci sayfasını açın.
3165,Lyric,adjective,"The most common meaning of lyric is 'şarkı sözü' (noun). Changed POS, meaning, and example.",Lirik,Şarkı sözü,She enjoys reading short lyric poems before going to bed.,I like the lyric of this song very much.,Bu şarkının sözünü çok seviyorum.
3185,Amused,adjective,Fixed the Turkish translation to better reflect the state of being amused ('Çok eğlendim').,Eğlenmiş,Eğlenmiş,I was very amused by his funny story.,I was very amused by his funny story.,Onun komik hikayesine çok eğlendim.
3192,Surname,noun,Improved Turkish translation for 'spell'.,Soyadı,Soyadı,"Can you spell your surname for me, please?","Can you spell your surname for me, please?",Lütfen soyadınızı benim için heceleyebilir misiniz?
3202,Uneasy,adjective,Improved naturalness of the Turkish translation.,Huzursuz,Huzursuz,The loud noise outside made me feel uneasy.,The loud noise outside made me feel uneasy.,Dışarıdaki yüksek ses beni huzursuz etti.
3216,Learner,noun,Changed Turkish meaning to 'Öğrenen' to better fit 'learner' distinct from 'student'.,Öğrenci,Öğrenen,He is a very fast learner.,He is a very fast learner.,O çok hızlı öğrenen biridir.
3221,Roundabout,noun,Improved naturalness of the Turkish translation.,Döner kavşak,Döner kavşak,Take the first exit at the roundabout.,Take the first exit at the roundabout.,Döner kavşakta ilk çıkışı kullanın.
3223,Weekday,noun,"Changed to plural 'weekdays' for a more natural general statement, and updated Turkish to 'Hafta içi'.",Hafta içi günü,Hafta içi,I go to bed early on a weekday.,I go to bed early on weekdays.,Hafta içi erken yatarım.
3257,Superlative,noun,Improved the naturalness of the Turkish translation by using 'dersimizde' instead of 'sınıfımızda' and removing the clunky 'formunu' phrasing.,Üstünlük derecesi,Üstünlük derecesi,We learned the superlative form in our English class.,We learned about superlatives in our English class.,İngilizce dersimizde üstünlük derecesini öğrendik.
